CREATE DATABASE  IF NOT EXISTS `cooperativa_sustentable` /*!40100 DEFAULT CHARACTER SET utf8mb4 COLLATE utf8mb4_unicode_ci */ /*!80016 DEFAULT ENCRYPTION='N' */;
USE `cooperativa_sustentable`;
-- MySQL dump 10.13  Distrib 8.0.25, for Linux (x86_64)
--
-- Host: 127.0.0.1    Database: cooperativa_sustentable
-- ------------------------------------------------------
-- Server version	8.0.25-15

/*!40101 SET @OLD_CHARACTER_SET_CLIENT=@@CHARACTER_SET_CLIENT */;
/*!40101 SET @OLD_CHARACTER_SET_RESULTS=@@CHARACTER_SET_RESULTS */;
/*!40101 SET @OLD_COLLATION_CONNECTION=@@COLLATION_CONNECTION */;
/*!50503 SET NAMES utf8 */;
/*!40103 SET @OLD_TIME_ZONE=@@TIME_ZONE */;
/*!40103 SET TIME_ZONE='+00:00' */;
/*!40014 SET @OLD_UNIQUE_CHECKS=@@UNIQUE_CHECKS, UNIQUE_CHECKS=0 */;
/*!40014 SET @OLD_FOREIGN_KEY_CHECKS=@@FOREIGN_KEY_CHECKS, FOREIGN_KEY_CHECKS=0 */;
/*!40101 SET @OLD_SQL_MODE=@@SQL_MODE, SQL_MODE='NO_AUTO_VALUE_ON_ZERO' */;
/*!40111 SET @OLD_SQL_NOTES=@@SQL_NOTES, SQL_NOTES=0 */;

--
-- Table structure for table `cliente`
--

DROP TABLE IF EXISTS `cliente`;
/*!40101 SET @saved_cs_client     = @@character_set_client */;
/*!50503 SET character_set_client = utf8mb4 */;
CREATE TABLE `cliente` (
  `cuil` bigint unsigned NOT NULL,
  `nombre` varchar(255) CHARACTER SET utf8mb4 COLLATE utf8mb4_unicode_ci NOT NULL,
  `apellido` varchar(255) CHARACTER SET utf8mb4 COLLATE utf8mb4_unicode_ci NOT NULL,
  `domicilio` varchar(255) CHARACTER SET utf8mb4 COLLATE utf8mb4_unicode_ci DEFAULT NULL,
  `telefono` varchar(255) CHARACTER SET utf8mb4 COLLATE utf8mb4_unicode_ci DEFAULT NULL,
  PRIMARY KEY (`cuil`)
) ENGINE=InnoDB DEFAULT CHARSET=utf8mb4 COLLATE=utf8mb4_unicode_ci;
/*!40101 SET character_set_client = @saved_cs_client */;

--
-- Dumping data for table `cliente`
--

LOCK TABLES `cliente` WRITE;
/*!40000 ALTER TABLE `cliente` DISABLE KEYS */;
INSERT INTO `cliente` VALUES (70707070707,'Luna','Inverse','Zephilia',NULL),(71717171717,'Rina','Inverse','Zephilia',NULL),(72727272727,'Gaudi','Gabriev','Elmekian',NULL),(73737373737,'Amelia','Seiruun','Seiruun',NULL),(74747474747,'Zelgadis','Graywords','Neirwei',NULL),(75757575757,'Zeros','Metallium','Makai',NULL);
/*!40000 ALTER TABLE `cliente` ENABLE KEYS */;
UNLOCK TABLES;

--
-- Table structure for table `composicion`
--

DROP TABLE IF EXISTS `composicion`;
/*!40101 SET @saved_cs_client     = @@character_set_client */;
/*!50503 SET character_set_client = utf8mb4 */;
CREATE TABLE `composicion` (
  `codigo_producto` int unsigned NOT NULL,
  `codigo_material` int unsigned NOT NULL,
  `cantidad` decimal(10,3) NOT NULL,
  PRIMARY KEY (`codigo_producto`,`codigo_material`),
  KEY `fk_composicion_material_idx` (`codigo_material`),
  CONSTRAINT `fk_composicion_material` FOREIGN KEY (`codigo_material`) REFERENCES `material` (`codigo`) ON DELETE RESTRICT ON UPDATE CASCADE,
  CONSTRAINT `fk_composicion_producto` FOREIGN KEY (`codigo_producto`) REFERENCES `producto` (`codigo`) ON DELETE RESTRICT ON UPDATE CASCADE
) ENGINE=InnoDB DEFAULT CHARSET=utf8mb4 COLLATE=utf8mb4_unicode_ci;
/*!40101 SET character_set_client = @saved_cs_client */;

--
-- Dumping data for table `composicion`
--

LOCK TABLES `composicion` WRITE;
/*!40000 ALTER TABLE `composicion` DISABLE KEYS */;
INSERT INTO `composicion` VALUES (8000,10000,0.500),(8000,10001,0.250),(8000,10002,0.050),(8000,10003,0.150),(8000,10005,0.100),(8001,10000,0.500),(8001,10001,0.250),(8001,10003,0.150),(8001,10004,0.250),(8001,10006,0.050),(8001,10007,0.050),(8002,10001,0.050),(8002,10008,0.100),(8002,10009,0.250),(8003,10012,0.250),(8003,10013,0.500),(8003,10014,1.000),(8003,10016,0.100),(8003,10017,0.250),(8004,10013,0.100),(8004,10014,1.500),(8004,10015,0.300),(8004,10016,0.250),(8004,10017,0.450),(8005,10012,0.600),(8005,10013,0.450),(8005,10014,2.250),(8005,10016,0.375),(8005,10017,0.675),(8006,10018,0.700),(8006,10019,100.000),(8006,10021,200.000),(8007,10018,1.000),(8007,10020,100.000),(8007,10022,200.000);
/*!40000 ALTER TABLE `composicion` ENABLE KEYS */;
UNLOCK TABLES;

--
-- Table structure for table `entrega`
--

DROP TABLE IF EXISTS `entrega`;
/*!40101 SET @saved_cs_client     = @@character_set_client */;
/*!50503 SET character_set_client = utf8mb4 */;
CREATE TABLE `entrega` (
  `numero_pedido` int unsigned NOT NULL,
  `codigo_producto` int unsigned NOT NULL,
  `numero_lote` int unsigned NOT NULL,
  `fecha_entrega` date NOT NULL,
  `cantidad` decimal(10,3) NOT NULL,
  PRIMARY KEY (`numero_pedido`,`codigo_producto`,`numero_lote`,`fecha_entrega`),
  KEY `fk_entrega_lote_idx` (`codigo_producto`,`numero_lote`),
  CONSTRAINT `fk_entrega_lote` FOREIGN KEY (`codigo_producto`, `numero_lote`) REFERENCES `lote` (`codigo_producto`, `numero`),
  CONSTRAINT `fk_entrega_solicita` FOREIGN KEY (`numero_pedido`, `codigo_producto`) REFERENCES `solicita` (`numero_pedido`, `codigo_producto`)
) ENGINE=InnoDB DEFAULT CHARSET=utf8mb4 COLLATE=utf8mb4_unicode_ci;
/*!40101 SET character_set_client = @saved_cs_client */;

--
-- Dumping data for table `entrega`
--

LOCK TABLES `entrega` WRITE;
/*!40000 ALTER TABLE `entrega` DISABLE KEYS */;
INSERT INTO `entrega` VALUES (2,8003,1,'2021-03-04',78.000),(2,8005,1,'2021-03-03',51.000),(2,8005,2,'2021-03-03',51.000),(18,8005,2,'2021-03-06',51.000),(18,8005,3,'2021-03-20',24.000),(18,8005,4,'2021-03-20',67.000),(21,8005,5,'2021-04-09',128.000),(21,8007,1,'2021-04-09',28.000),(21,8007,2,'2021-04-09',43.000),(22,8007,2,'2021-04-09',20.000),(22,8007,3,'2021-04-09',30.000),(25,8000,2,'2021-04-29',38.000),(25,8000,3,'2021-05-10',42.000),(25,8000,4,'2021-05-10',79.000),(25,8000,5,'2021-05-24',55.000),(26,8007,4,'2021-04-29',53.000),(27,8003,1,'2021-05-10',66.000),(28,8007,4,'2021-05-10',9.000),(28,8007,5,'2021-05-08',79.000),(28,8007,6,'2021-05-08',70.000),(28,8007,7,'2021-05-14',33.000),(29,8007,8,'2021-05-18',53.000),(30,8005,6,'2021-05-21',30.000),(30,8005,7,'2021-05-22',45.000),(31,8004,1,'2021-05-30',75.000),(31,8004,2,'2021-05-30',76.000),(32,8005,6,'2021-06-03',30.000),(32,8005,7,'2021-06-01',24.000),(32,8005,7,'2021-06-03',64.000),(34,8003,1,'2021-06-20',78.000),(34,8003,2,'2021-06-20',56.000),(34,8003,3,'2021-06-23',25.000),(34,8003,4,'2021-06-23',33.000),(35,8003,4,'2021-06-23',25.000),(35,8003,5,'2021-06-23',74.000),(35,8003,6,'2021-06-23',56.000),(35,8003,7,'2021-06-23',38.000),(35,8003,8,'2021-06-23',61.000),(35,8003,9,'2021-06-23',6.000),(35,8004,1,'2021-06-21',70.000),(35,8004,1,'2021-06-23',5.000),(35,8004,2,'2021-06-23',76.000),(35,8004,3,'2021-06-23',60.000),(37,8000,8,'2021-07-01',76.000),(37,8000,9,'2021-07-02',33.000),(37,8004,3,'2021-07-01',13.000),(37,8004,4,'2021-07-01',57.000),(37,8004,5,'2021-07-01',21.000),(38,8000,9,'2021-07-01',1.000),(38,8000,10,'2021-07-09',43.000),(38,8003,9,'2021-07-04',44.000),(38,8003,10,'2021-07-04',47.000),(38,8003,11,'2021-07-04',50.000),(38,8004,5,'2021-07-04',26.000),(38,8004,6,'2021-07-10',40.000),(39,8003,11,'2021-07-14',16.000),(39,8003,12,'2021-07-14',50.000),(39,8003,13,'2021-07-14',29.000),(39,8003,14,'2021-07-14',39.000),(41,8001,7,'2021-07-24',104.000),(41,8001,8,'2021-08-03',25.000),(43,8001,8,'2021-08-03',10.000),(43,8001,9,'2021-08-13',21.000),(44,8004,6,'2021-08-07',4.000),(44,8004,7,'2021-08-07',61.000),(44,8004,8,'2021-08-07',30.000),(44,8004,9,'2021-08-08',70.000),(46,8003,15,'2021-08-15',24.000),(46,8003,16,'2021-08-15',37.000),(46,8004,10,'2021-08-15',58.000),(46,8006,7,'2021-08-16',50.000),(47,8000,13,'2021-08-16',35.000),(47,8005,8,'2021-08-16',28.000),(47,8005,9,'2021-08-16',48.000),(47,8005,10,'2021-08-16',78.000),(47,8005,11,'2021-08-16',30.000),(47,8006,1,'2021-08-16',49.000),(49,8001,10,'2021-08-24',40.000),(49,8001,12,'2021-09-02',35.000),(49,8001,23,'2021-08-24',45.000),(49,8001,24,'2021-08-24',33.000),(49,8001,25,'2021-09-02',42.000),(49,8002,1,'2021-09-02',22.000),(50,8000,14,'2021-09-06',3.000),(50,8000,15,'2021-09-06',51.000),(50,8000,16,'2021-09-10',71.000),(50,8001,11,'2021-09-16',59.000),(50,8001,14,'2021-09-16',65.000),(50,8001,19,'2021-09-16',74.000),(50,8001,20,'2021-09-16',29.000),(50,8001,21,'2021-09-16',22.000),(50,8001,22,'2021-09-16',62.000),(50,8001,25,'2021-09-16',3.000),(50,8003,16,'2021-09-10',9.000),(50,8003,17,'2021-09-10',76.000),(50,8003,18,'2021-09-10',42.000),(50,8003,19,'2021-09-10',24.000),(50,8003,20,'2021-09-10',34.000),(50,8005,11,'2021-09-10',16.000),(50,8005,12,'2021-09-11',5.000),(50,8006,1,'2021-09-11',21.000),(51,8000,17,'2021-10-02',58.000),(51,8007,9,'2021-10-02',28.000),(51,8007,10,'2021-10-02',23.000),(51,8007,11,'2021-10-02',68.000),(51,8007,12,'2021-10-02',51.000),(52,8001,25,'2021-10-07',2.000),(52,8001,26,'2021-10-07',64.000),(52,8001,27,'2021-10-07',60.000),(52,8005,13,'2021-10-07',74.000),(52,8005,14,'2021-10-07',68.000),(52,8005,15,'2021-10-07',2.000),(53,8001,17,'2021-10-20',68.000),(53,8001,18,'2021-10-20',33.000),(54,8000,17,'2021-10-20',2.000),(54,8000,18,'2021-10-20',46.000),(54,8000,19,'2021-10-20',1.000),(54,8007,12,'2021-10-20',19.000),(54,8007,13,'2021-10-20',68.000),(54,8007,14,'2021-10-20',48.000),(54,8007,15,'2021-10-20',78.000),(54,8007,16,'2021-10-20',43.000),(54,8007,17,'2021-10-20',23.000),(54,8007,18,'2021-10-20',28.000),(54,8007,19,'2021-10-20',27.000),(56,8006,11,'2021-11-10',49.000),(56,8006,12,'2021-11-10',10.000);
/*!40000 ALTER TABLE `entrega` ENABLE KEYS */;
UNLOCK TABLES;

--
-- Table structure for table `grupo`
--

DROP TABLE IF EXISTS `grupo`;
/*!40101 SET @saved_cs_client     = @@character_set_client */;
/*!50503 SET character_set_client = utf8mb4 */;
CREATE TABLE `grupo` (
  `numero` int unsigned NOT NULL AUTO_INCREMENT,
  `nombre` varchar(255) CHARACTER SET utf8mb4 COLLATE utf8mb4_unicode_ci NOT NULL,
  PRIMARY KEY (`numero`)
) ENGINE=InnoDB AUTO_INCREMENT=9006 DEFAULT CHARSET=utf8mb4 COLLATE=utf8mb4_unicode_ci;
/*!40101 SET character_set_client = @saved_cs_client */;

--
-- Dumping data for table `grupo`
--

LOCK TABLES `grupo` WRITE;
/*!40000 ALTER TABLE `grupo` DISABLE KEYS */;
INSERT INTO `grupo` VALUES (9000,'Ichiraku'),(9001,'Galley-La'),(9002,'Digald');
/*!40000 ALTER TABLE `grupo` ENABLE KEYS */;
UNLOCK TABLES;

--
-- Table structure for table `grupo_miembro`
--

DROP TABLE IF EXISTS `grupo_miembro`;
/*!40101 SET @saved_cs_client     = @@character_set_client */;
/*!50503 SET character_set_client = utf8mb4 */;
CREATE TABLE `grupo_miembro` (
  `numero_grupo` int unsigned NOT NULL,
  `cuil_miembro` bigint unsigned NOT NULL,
  PRIMARY KEY (`numero_grupo`,`cuil_miembro`),
  KEY `fk_grupo_miembro_miembro_idx` (`cuil_miembro`),
  CONSTRAINT `fk_grupo_miembro_grupo` FOREIGN KEY (`numero_grupo`) REFERENCES `grupo` (`numero`) ON DELETE RESTRICT ON UPDATE CASCADE,
  CONSTRAINT `fk_grupo_miembro_miembro` FOREIGN KEY (`cuil_miembro`) REFERENCES `miembro` (`cuil`) ON DELETE RESTRICT ON UPDATE CASCADE
) ENGINE=InnoDB DEFAULT CHARSET=utf8mb4 COLLATE=utf8mb4_unicode_ci;
/*!40101 SET character_set_client = @saved_cs_client */;

--
-- Dumping data for table `grupo_miembro`
--

LOCK TABLES `grupo_miembro` WRITE;
/*!40000 ALTER TABLE `grupo_miembro` DISABLE KEYS */;
INSERT INTO `grupo_miembro` VALUES (9002,92929292929),(9002,93939393939),(9002,94949494949),(9001,95959595959),(9001,96969696969),(9000,97979797979),(9000,98989898989);
/*!40000 ALTER TABLE `grupo_miembro` ENABLE KEYS */;
UNLOCK TABLES;

--
-- Table structure for table `lote`
--

DROP TABLE IF EXISTS `lote`;
/*!40101 SET @saved_cs_client     = @@character_set_client */;
/*!50503 SET character_set_client = utf8mb4 */;
CREATE TABLE `lote` (
  `codigo_producto` int unsigned NOT NULL,
  `numero` int unsigned NOT NULL,
  `cantidad_producida` decimal(10,3) NOT NULL,
  `fecha_produccion` date NOT NULL,
  `fecha_vencimiento` date DEFAULT NULL,
  PRIMARY KEY (`codigo_producto`,`numero`),
  CONSTRAINT `fk_lote_producto` FOREIGN KEY (`codigo_producto`) REFERENCES `producto` (`codigo`) ON DELETE RESTRICT ON UPDATE CASCADE
) ENGINE=InnoDB DEFAULT CHARSET=utf8mb4 COLLATE=utf8mb4_unicode_ci;
/*!40101 SET character_set_client = @saved_cs_client */;

--
-- Dumping data for table `lote`
--

LOCK TABLES `lote` WRITE;
/*!40000 ALTER TABLE `lote` DISABLE KEYS */;
INSERT INTO `lote` VALUES (8000,1,42.000,'2021-04-17','2021-04-24'),(8000,2,38.000,'2021-04-29','2021-05-06'),(8000,3,42.000,'2021-05-05','2021-05-12'),(8000,4,79.000,'2021-05-10','2021-05-17'),(8000,5,68.000,'2021-05-23','2021-05-30'),(8000,6,23.000,'2021-06-01','2021-06-08'),(8000,7,69.000,'2021-06-09','2021-06-16'),(8000,8,76.000,'2021-06-24','2021-07-01'),(8000,9,34.000,'2021-06-30','2021-07-07'),(8000,10,43.000,'2021-07-08','2021-07-15'),(8000,11,34.000,'2021-07-19','2021-07-26'),(8000,12,79.000,'2021-08-02','2021-08-09'),(8000,13,35.000,'2021-08-13','2021-08-20'),(8000,14,35.000,'2021-08-25','2021-09-01'),(8000,15,51.000,'2021-08-30','2021-09-06'),(8000,16,71.000,'2021-09-09','2021-09-16'),(8000,17,60.000,'2021-09-24','2021-10-25'),(8000,18,46.000,'2021-09-30','2021-10-30'),(8000,19,31.000,'2021-10-07','2021-10-27'),(8000,20,49.000,'2021-11-05','2021-11-28'),(8001,1,67.000,'2021-05-17','2021-05-24'),(8001,2,74.000,'2021-05-29','2021-06-05'),(8001,3,30.000,'2021-06-05','2021-06-12'),(8001,4,30.000,'2021-06-19','2021-06-26'),(8001,5,40.000,'2021-06-26','2021-07-03'),(8001,6,29.000,'2021-07-09','2021-07-16'),(8001,7,104.000,'2021-07-18','2021-07-25'),(8001,8,35.000,'2021-08-02','2021-08-09'),(8001,9,21.000,'2021-08-10','2021-08-17'),(8001,10,40.000,'2021-08-24','2021-10-27'),(8001,11,59.000,'2021-09-14','2021-10-12'),(8001,12,35.000,'2021-09-02','2021-09-28'),(8001,13,38.000,'2021-09-21','2021-09-24'),(8001,14,65.000,'2021-09-10','2021-10-13'),(8001,15,69.000,'2021-09-25','2021-10-08'),(8001,16,71.000,'2021-09-18','2021-09-18'),(8001,17,68.000,'2021-09-22','2021-10-30'),(8001,18,48.000,'2021-09-25','2021-10-30'),(8001,19,74.000,'2021-09-05','2021-09-22'),(8001,20,29.000,'2021-09-12','2021-10-10'),(8001,21,22.000,'2021-09-16','2021-11-06'),(8001,22,62.000,'2021-09-06','2021-10-09'),(8001,23,45.000,'2021-08-18','2021-08-25'),(8001,24,33.000,'2021-08-24','2021-08-31'),(8001,25,47.000,'2021-09-01','2021-11-02'),(8001,26,64.000,'2021-09-05','2021-10-17'),(8001,27,60.000,'2021-09-09','2021-11-06'),(8002,1,30.000,'2021-09-01','2021-09-03'),(8002,2,36.000,'2021-09-24','2021-11-06'),(8003,1,78.000,'2021-03-03',NULL),(8003,2,56.000,'2021-03-09',NULL),(8003,3,25.000,'2021-03-15',NULL),(8003,4,58.000,'2021-03-26',NULL),(8003,5,74.000,'2021-04-07',NULL),(8003,6,56.000,'2021-04-16',NULL),(8003,7,38.000,'2021-04-23',NULL),(8003,8,61.000,'2021-05-07',NULL),(8003,9,50.000,'2021-05-20',NULL),(8003,10,47.000,'2021-05-28',NULL),(8003,11,66.000,'2021-06-12',NULL),(8003,12,50.000,'2021-06-25',NULL),(8003,13,29.000,'2021-07-04',NULL),(8003,14,39.000,'2021-07-10',NULL),(8003,15,24.000,'2021-07-23',NULL),(8003,16,46.000,'2021-07-31',NULL),(8003,17,76.000,'2021-08-15',NULL),(8003,18,42.000,'2021-08-22',NULL),(8003,19,24.000,'2021-08-31',NULL),(8003,20,34.000,'2021-09-08',NULL),(8003,21,33.000,'2021-09-13',NULL),(8003,22,37.000,'2021-09-23',NULL),(8003,23,66.000,'2021-10-22',NULL),(8004,1,75.000,'2021-05-15',NULL),(8004,2,76.000,'2021-05-29',NULL),(8004,3,73.000,'2021-06-12',NULL),(8004,4,57.000,'2021-06-25',NULL),(8004,5,47.000,'2021-06-30',NULL),(8004,6,44.000,'2021-07-07',NULL),(8004,7,61.000,'2021-07-19',NULL),(8004,8,30.000,'2021-07-28',NULL),(8004,9,70.000,'2021-08-07',NULL),(8004,10,58.000,'2021-08-13',NULL),(8004,11,61.000,'2021-08-24',NULL),(8004,12,50.000,'2021-09-04',NULL),(8004,13,31.000,'2021-09-14',NULL),(8004,14,34.000,'2021-09-19',NULL),(8004,15,60.000,'2021-10-27',NULL),(8004,16,24.000,'2021-11-05',NULL),(8005,1,51.000,'2021-02-19',NULL),(8005,2,102.000,'2021-02-27',NULL),(8005,3,24.000,'2021-03-13',NULL),(8005,4,67.000,'2021-03-20',NULL),(8005,5,128.000,'2021-04-02',NULL),(8005,6,60.000,'2021-04-16',NULL),(8005,7,133.000,'2021-04-30',NULL),(8005,8,28.000,'2021-05-12',NULL),(8005,9,48.000,'2021-05-19',NULL),(8005,10,78.000,'2021-05-24',NULL),(8005,11,46.000,'2021-06-07',NULL),(8005,12,34.000,'2021-06-19',NULL),(8005,13,74.000,'2021-07-01',NULL),(8005,14,68.000,'2021-07-16',NULL),(8005,15,37.000,'2021-07-29',NULL),(8005,16,20.000,'2021-08-07',NULL),(8005,17,30.000,'2021-08-14',NULL),(8005,18,23.000,'2021-08-28',NULL),(8005,19,21.000,'2021-09-11',NULL),(8005,20,66.000,'2021-10-10',NULL),(8006,1,70.000,'2021-06-16','2022-06-16'),(8006,2,61.000,'2021-06-21','2022-06-21'),(8006,3,72.000,'2021-07-03','2022-07-03'),(8006,4,39.000,'2021-07-12','2022-07-12'),(8006,5,20.000,'2021-07-26','2022-07-26'),(8006,6,23.000,'2021-08-05','2022-08-05'),(8006,7,56.000,'2021-08-16','2022-08-16'),(8006,8,30.000,'2021-08-28','2022-08-28'),(8006,9,22.000,'2021-09-09','2022-09-09'),(8006,10,59.000,'2021-09-18','2022-09-18'),(8006,11,49.000,'2021-10-19','2022-11-14'),(8006,12,27.000,'2021-10-26','2022-11-20'),(8007,1,28.000,'2021-03-20','2022-03-20'),(8007,2,63.000,'2021-03-28','2022-03-28'),(8007,3,30.000,'2021-04-06','2022-04-06'),(8007,4,62.000,'2021-04-16','2022-04-16'),(8007,5,79.000,'2021-04-24','2022-04-24'),(8007,6,70.000,'2021-05-08','2022-05-08'),(8007,7,33.000,'2021-05-11','2022-05-11'),(8007,8,53.000,'2021-05-17','2022-05-17'),(8007,9,28.000,'2021-05-26','2022-05-26'),(8007,10,23.000,'2021-06-07','2022-06-07'),(8007,11,68.000,'2021-06-18','2022-06-18'),(8007,12,70.000,'2021-06-25','2022-06-25'),(8007,13,68.000,'2021-07-03','2022-07-03'),(8007,14,48.000,'2021-07-10','2022-07-10'),(8007,15,78.000,'2021-07-20','2022-07-20'),(8007,16,43.000,'2021-07-28','2022-07-28'),(8007,17,23.000,'2021-08-12','2022-08-12'),(8007,18,28.000,'2021-08-19','2022-08-19'),(8007,19,49.000,'2021-08-25','2022-08-25'),(8007,20,21.000,'2021-09-03','2022-10-21'),(8007,21,57.000,'2021-09-28','2022-09-13'),(8007,22,21.000,'2021-08-27','2022-08-27'),(8007,23,66.000,'2021-09-03','2022-09-03'),(8007,24,29.000,'2021-09-21','2022-10-26'),(8007,25,29.000,'2021-10-21','2022-10-10'),(8007,26,35.000,'2021-10-30','2022-10-21');
/*!40000 ALTER TABLE `lote` ENABLE KEYS */;
UNLOCK TABLES;

--
-- Table structure for table `material`
--

DROP TABLE IF EXISTS `material`;
/*!40101 SET @saved_cs_client     = @@character_set_client */;
/*!50503 SET character_set_client = utf8mb4 */;
CREATE TABLE `material` (
  `codigo` int unsigned NOT NULL AUTO_INCREMENT,
  `nombre` varchar(255) CHARACTER SET utf8mb4 COLLATE utf8mb4_unicode_ci NOT NULL,
  `unidad_medida` varchar(255) CHARACTER SET utf8mb4 COLLATE utf8mb4_unicode_ci NOT NULL,
  `stock` decimal(10,3) NOT NULL,
  PRIMARY KEY (`codigo`)
) ENGINE=InnoDB AUTO_INCREMENT=10023 DEFAULT CHARSET=utf8mb4 COLLATE=utf8mb4_unicode_ci;
/*!40101 SET character_set_client = @saved_cs_client */;

--
-- Dumping data for table `material`
--

LOCK TABLES `material` WRITE;
/*!40000 ALTER TABLE `material` DISABLE KEYS */;
INSERT INTO `material` VALUES (10000,'trigo burgol','kg',150.000),(10001,'tomate','kg',20.000),(10002,'sal','kg',10.000),(10003,'pepino org','kg',25.000),(10004,'cebolla agroecol','kg',60.000),(10005,'aceite oliva agroecol','l',100.000),(10006,'perejil','g',1000.000),(10007,'menta','g',3000.000),(10008,'pan integral','kg',30.000),(10009,'rucula','paq',10.000),(10010,'jamon crudo dma','g',5000.000),(10012,'clavos 1 in','kg',40.000),(10013,'clavos 1/2 in','kg',30.000),(10014,'tabla 2,5x40x420','unidad',30.000),(10015,'tornillos 1/2 in','kg',25.000),(10016,'cola fenolica','kg',20.000),(10017,'impregnante','l',40.000),(10018,'aceite vegetal base','l',25.000),(10019,'escencia lavanda','ml',3000.000),(10020,'escencia menta','ml',3500.000),(10021,'aditivo desengrasante','ml',4000.000),(10022,'aditivo acídico base vinagre','l',20.000);
/*!40000 ALTER TABLE `material` ENABLE KEYS */;
UNLOCK TABLES;

--
-- Table structure for table `miembro`
--

DROP TABLE IF EXISTS `miembro`;
/*!40101 SET @saved_cs_client     = @@character_set_client */;
/*!50503 SET character_set_client = utf8mb4 */;
CREATE TABLE `miembro` (
  `cuil` bigint unsigned NOT NULL,
  `nombre` varchar(255) CHARACTER SET utf8mb4 COLLATE utf8mb4_unicode_ci NOT NULL,
  `apellido` varchar(255) CHARACTER SET utf8mb4 COLLATE utf8mb4_unicode_ci NOT NULL,
  `domicilio` varchar(255) CHARACTER SET utf8mb4 COLLATE utf8mb4_unicode_ci DEFAULT NULL,
  `telefono` varchar(255) CHARACTER SET utf8mb4 COLLATE utf8mb4_unicode_ci DEFAULT NULL,
  PRIMARY KEY (`cuil`)
) ENGINE=InnoDB DEFAULT CHARSET=utf8mb4 COLLATE=utf8mb4_unicode_ci;
/*!40101 SET character_set_client = @saved_cs_client */;

--
-- Dumping data for table `miembro`
--

LOCK TABLES `miembro` WRITE;
/*!40000 ALTER TABLE `miembro` DISABLE KEYS */;
INSERT INTO `miembro` VALUES (92929292929,'Mei','Hatsume','U.A.',NULL),(93939393939,'Caesar','Clown','Punk Hazard',NULL),(94949494949,'Senku','Ishigami','Hiromatsu High',NULL),(95959595959,'Hotaru','Haganezuka','katanakaji no sato',NULL),(96969696969,'Cutty','Flam','Water 7',NULL),(97979797979,'Souma','Yukihira','Polar Star Dormitory',NULL),(98989898989,'Sanji','Vinsmoke','Sunny 1000',NULL);
/*!40000 ALTER TABLE `miembro` ENABLE KEYS */;
UNLOCK TABLES;

--
-- Table structure for table `pedido`
--

DROP TABLE IF EXISTS `pedido`;
/*!40101 SET @saved_cs_client     = @@character_set_client */;
/*!50503 SET character_set_client = utf8mb4 */;
CREATE TABLE `pedido` (
  `numero` int unsigned NOT NULL AUTO_INCREMENT,
  `fecha_entrega_convenida` date NOT NULL,
  `fecha_pedido` date NOT NULL,
  `cuil_cliente` bigint unsigned NOT NULL,
  PRIMARY KEY (`numero`),
  KEY `fk_pedido_cliente_idx` (`cuil_cliente`),
  CONSTRAINT `fk_pedido_cliente` FOREIGN KEY (`cuil_cliente`) REFERENCES `cliente` (`cuil`) ON DELETE RESTRICT ON UPDATE CASCADE
) ENGINE=InnoDB AUTO_INCREMENT=60 DEFAULT CHARSET=utf8mb4 COLLATE=utf8mb4_unicode_ci;
/*!40101 SET character_set_client = @saved_cs_client */;

--
-- Dumping data for table `pedido`
--

LOCK TABLES `pedido` WRITE;
/*!40000 ALTER TABLE `pedido` DISABLE KEYS */;
INSERT INTO `pedido` VALUES (1,'2021-03-03','2021-02-21',70707070707),(2,'2021-03-04','2021-02-20',72727272727),(18,'2021-03-20','2021-03-06',72727272727),(19,'2021-03-12','2021-03-07',74747474747),(21,'2021-04-07','2021-03-25',70707070707),(22,'2021-04-09','2021-04-03',72727272727),(23,'2021-04-09','2021-04-02',73737373737),(25,'2021-04-30','2021-04-16',75757575757),(26,'2021-05-07','2021-04-29',74747474747),(27,'2021-05-15','2021-05-08',70707070707),(28,'2021-05-16','2021-05-08',71717171717),(29,'2021-05-18','2021-05-08',72727272727),(30,'2021-05-24','2021-05-18',71717171717),(31,'2021-06-06','2021-05-29',70707070707),(32,'2021-06-04','2021-05-30',74747474747),(34,'2021-06-21','2021-06-15',71717171717),(35,'2021-06-23','2021-06-15',75757575757),(37,'2021-07-01','2021-06-21',74747474747),(38,'2021-07-12','2021-06-29',75757575757),(39,'2021-07-21','2021-07-13',75757575757),(40,'2021-08-06','2021-07-24',70707070707),(41,'2021-08-05','2021-07-24',73737373737),(43,'2021-08-13','2021-07-31',73737373737),(44,'2021-08-08','2021-07-31',75757575757),(46,'2021-08-20','2021-08-12',70707070707),(47,'2021-08-20','2021-08-12',75757575757),(49,'2021-09-03','2021-08-22',70707070707),(50,'2021-09-16','2021-09-06',73737373737),(51,'2021-10-03','2021-09-25',74747474747),(52,'2021-10-13','2021-10-03',71717171717),(53,'2021-10-30','2021-10-18',74747474747),(54,'2021-10-28','2021-10-18',75757575757),(56,'2021-11-18','2021-11-05',73737373737);
/*!40000 ALTER TABLE `pedido` ENABLE KEYS */;
UNLOCK TABLES;

--
-- Table structure for table `produce`
--

DROP TABLE IF EXISTS `produce`;
/*!40101 SET @saved_cs_client     = @@character_set_client */;
/*!50503 SET character_set_client = utf8mb4 */;
CREATE TABLE `produce` (
  `codigo_producto` int unsigned NOT NULL,
  `numero_lote` int unsigned NOT NULL,
  `cuil_miembro` bigint unsigned NOT NULL,
  `horas_trabajadas` decimal(10,3) NOT NULL,
  PRIMARY KEY (`codigo_producto`,`numero_lote`,`cuil_miembro`),
  KEY `fk_produce_miembro_idx` (`cuil_miembro`),
  CONSTRAINT `fk_produce_lote` FOREIGN KEY (`codigo_producto`, `numero_lote`) REFERENCES `lote` (`codigo_producto`, `numero`) ON DELETE RESTRICT ON UPDATE CASCADE,
  CONSTRAINT `fk_produce_miembro` FOREIGN KEY (`cuil_miembro`) REFERENCES `miembro` (`cuil`) ON DELETE RESTRICT ON UPDATE CASCADE
) ENGINE=InnoDB DEFAULT CHARSET=utf8mb4 COLLATE=utf8mb4_unicode_ci;
/*!40101 SET character_set_client = @saved_cs_client */;

--
-- Dumping data for table `produce`
--

LOCK TABLES `produce` WRITE;
/*!40000 ALTER TABLE `produce` DISABLE KEYS */;
INSERT INTO `produce` VALUES (8000,1,97979797979,3.000),(8000,1,98989898989,11.000),(8000,2,94949494949,6.000),(8000,3,93939393939,4.000),(8000,4,92929292929,4.000),(8000,5,94949494949,13.000),(8000,6,92929292929,3.000),(8000,7,98989898989,18.000),(8000,8,96969696969,23.000),(8000,8,98989898989,10.000),(8000,9,92929292929,5.000),(8000,9,94949494949,8.000),(8000,9,97979797979,12.000),(8000,10,93939393939,14.000),(8000,10,95959595959,15.000),(8000,10,98989898989,10.000),(8000,11,96969696969,10.000),(8000,11,97979797979,11.000),(8000,12,97979797979,16.000),(8000,12,98989898989,3.000),(8000,13,95959595959,8.000),(8000,14,92929292929,6.000),(8000,14,96969696969,11.000),(8000,15,92929292929,8.000),(8000,16,96969696969,7.000),(8000,17,95959595959,8.000),(8000,17,97979797979,20.000),(8000,18,94949494949,7.000),(8000,18,96969696969,4.000),(8000,18,98989898989,10.000),(8000,19,96969696969,5.000),(8000,20,96969696969,8.000),(8001,1,96969696969,18.000),(8001,2,92929292929,3.000),(8001,2,97979797979,23.000),(8001,2,98989898989,12.000),(8001,3,93939393939,7.000),(8001,3,98989898989,2.000),(8001,4,92929292929,11.000),(8001,4,97979797979,7.000),(8001,5,95959595959,6.000),(8001,5,96969696969,10.000),(8001,6,95959595959,7.000),(8001,7,93939393939,9.000),(8001,8,97979797979,12.000),(8001,8,98989898989,5.000),(8001,9,94949494949,2.000),(8001,10,94949494949,9.000),(8001,10,95959595959,10.000),(8001,11,97979797979,3.000),(8001,11,98989898989,17.000),(8001,12,96969696969,10.000),(8001,12,98989898989,12.000),(8001,13,96969696969,12.000),(8001,14,92929292929,14.000),(8001,14,96969696969,12.000),(8001,14,97979797979,19.000),(8001,15,93939393939,8.000),(8001,16,94949494949,15.000),(8001,16,96969696969,9.000),(8001,16,97979797979,17.000),(8001,17,94949494949,11.000),(8001,18,93939393939,4.000),(8001,19,92929292929,13.000),(8001,19,97979797979,6.000),(8001,20,96969696969,6.000),(8001,20,97979797979,3.000),(8001,20,98989898989,4.000),(8001,21,98989898989,4.000),(8001,22,98989898989,3.000),(8001,23,96969696969,4.000),(8001,24,95959595959,9.000),(8001,24,97979797979,10.000),(8001,24,98989898989,4.000),(8001,25,93939393939,15.000),(8001,26,96969696969,5.000),(8001,27,96969696969,14.000),(8002,1,98989898989,1.000),(8002,2,94949494949,5.000),(8002,2,96969696969,6.000),(8002,2,97979797979,3.000),(8003,1,94949494949,20.000),(8003,2,92929292929,15.000),(8003,2,93939393939,3.000),(8003,2,98989898989,12.000),(8003,3,96969696969,8.000),(8003,4,93939393939,12.000),(8003,5,96969696969,12.000),(8003,6,92929292929,8.000),(8003,6,94949494949,15.000),(8003,6,96969696969,9.000),(8003,7,94949494949,2.000),(8003,7,98989898989,12.000),(8003,8,92929292929,2.000),(8003,8,93939393939,11.000),(8003,8,97979797979,5.000),(8003,9,93939393939,5.000),(8003,10,93939393939,11.000),(8003,11,92929292929,9.000),(8003,11,97979797979,8.000),(8003,12,94949494949,9.000),(8003,13,93939393939,3.000),(8003,13,96969696969,2.000),(8003,14,92929292929,13.000),(8003,14,95959595959,12.000),(8003,14,97979797979,6.000),(8003,15,94949494949,6.000),(8003,16,92929292929,10.000),(8003,17,98989898989,5.000),(8003,18,96969696969,11.000),(8003,18,97979797979,13.000),(8003,18,98989898989,5.000),(8003,19,94949494949,4.000),(8003,20,94949494949,8.000),(8003,21,93939393939,12.000),(8003,21,95959595959,4.000),(8003,22,92929292929,8.000),(8003,22,97979797979,6.000),(8003,23,97979797979,8.000),(8004,1,93939393939,24.000),(8004,2,97979797979,6.000),(8004,3,93939393939,12.000),(8004,3,96969696969,13.000),(8004,4,94949494949,4.000),(8004,5,92929292929,10.000),(8004,5,94949494949,11.000),(8004,6,93939393939,14.000),(8004,7,95959595959,18.000),(8004,7,96969696969,14.000),(8004,7,97979797979,11.000),(8004,8,93939393939,2.000),(8004,9,93939393939,23.000),(8004,10,97979797979,18.000),(8004,11,97979797979,17.000),(8004,12,97979797979,12.000),(8004,13,96969696969,3.000),(8004,14,96969696969,7.000),(8004,15,95959595959,17.000),(8004,16,92929292929,7.000),(8004,16,93939393939,8.000),(8004,16,95959595959,8.000),(8005,1,92929292929,9.000),(8005,1,94949494949,13.000),(8005,2,93939393939,4.000),(8005,2,94949494949,13.000),(8005,3,95959595959,6.000),(8005,4,93939393939,12.000),(8005,5,92929292929,2.000),(8005,5,93939393939,11.000),(8005,6,93939393939,7.000),(8005,7,95959595959,12.000),(8005,8,96969696969,4.000),(8005,9,96969696969,3.000),(8005,10,95959595959,18.000),(8005,11,92929292929,14.000),(8005,12,97979797979,5.000),(8005,13,93939393939,14.000),(8005,13,96969696969,24.000),(8005,14,93939393939,3.000),(8005,14,97979797979,11.000),(8005,15,93939393939,9.000),(8005,16,92929292929,7.000),(8005,16,96969696969,8.000),(8005,17,94949494949,8.000),(8005,18,96969696969,6.000),(8005,18,98989898989,5.000),(8005,19,92929292929,7.000),(8005,19,97979797979,5.000),(8005,19,98989898989,3.000),(8005,20,93939393939,14.000),(8006,1,96969696969,2.000),(8006,1,98989898989,19.000),(8006,2,97979797979,20.000),(8006,2,98989898989,4.000),(8006,3,95959595959,2.000),(8006,4,92929292929,2.000),(8006,4,94949494949,9.000),(8006,4,97979797979,9.000),(8006,5,92929292929,6.000),(8006,5,96969696969,5.000),(8006,6,94949494949,8.000),(8006,6,95959595959,6.000),(8006,7,98989898989,3.000),(8006,8,94949494949,7.000),(8006,9,92929292929,8.000),(8006,10,93939393939,10.000),(8006,10,95959595959,3.000),(8006,11,96969696969,13.000),(8006,12,92929292929,7.000),(8006,12,94949494949,9.000),(8007,1,92929292929,9.000),(8007,1,93939393939,7.000),(8007,1,95959595959,2.000),(8007,2,94949494949,9.000),(8007,3,92929292929,5.000),(8007,4,93939393939,2.000),(8007,4,95959595959,17.000),(8007,5,93939393939,26.000),(8007,5,98989898989,23.000),(8007,6,92929292929,18.000),(8007,6,94949494949,23.000),(8007,7,97979797979,6.000),(8007,8,93939393939,17.000),(8007,8,96969696969,15.000),(8007,9,97979797979,9.000),(8007,10,96969696969,8.000),(8007,11,92929292929,4.000),(8007,11,95959595959,10.000),(8007,11,98989898989,3.000),(8007,12,95959595959,18.000),(8007,13,97979797979,11.000),(8007,14,93939393939,15.000),(8007,15,93939393939,22.000),(8007,15,94949494949,18.000),(8007,16,97979797979,3.000),(8007,17,95959595959,4.000),(8007,17,97979797979,4.000),(8007,18,95959595959,4.000),(8007,19,92929292929,15.000),(8007,19,94949494949,4.000),(8007,19,97979797979,11.000),(8007,19,98989898989,14.000),(8007,20,92929292929,7.000),(8007,20,93939393939,6.000),(8007,20,98989898989,4.000),(8007,21,93939393939,12.000),(8007,21,94949494949,3.000),(8007,21,98989898989,15.000),(8007,22,92929292929,3.000),(8007,22,93939393939,6.000),(8007,22,97979797979,5.000),(8007,23,94949494949,5.000),(8007,24,96969696969,2.000),(8007,24,97979797979,8.000),(8007,25,96969696969,8.000),(8007,26,97979797979,8.000);
/*!40000 ALTER TABLE `produce` ENABLE KEYS */;
UNLOCK TABLES;

--
-- Table structure for table `producto`
--

DROP TABLE IF EXISTS `producto`;
/*!40101 SET @saved_cs_client     = @@character_set_client */;
/*!50503 SET character_set_client = utf8mb4 */;
CREATE TABLE `producto` (
  `codigo` int unsigned NOT NULL AUTO_INCREMENT,
  `nombre` varchar(255) CHARACTER SET utf8mb4 COLLATE utf8mb4_unicode_ci NOT NULL,
  `caracteristicas` varchar(1000) CHARACTER SET utf8mb4 COLLATE utf8mb4_unicode_ci NOT NULL,
  `proceso_fabricacion` text CHARACTER SET utf8mb4 COLLATE utf8mb4_unicode_ci NOT NULL,
  `precio_sugerido` decimal(10,3) NOT NULL,
  `numero_grupo` int unsigned NOT NULL,
  PRIMARY KEY (`codigo`),
  KEY `fk_producto_grupo_idx` (`numero_grupo`),
  CONSTRAINT `fk_producto_grupo` FOREIGN KEY (`numero_grupo`) REFERENCES `grupo` (`numero`) ON DELETE RESTRICT ON UPDATE CASCADE
) ENGINE=InnoDB AUTO_INCREMENT=8008 DEFAULT CHARSET=utf8mb4 COLLATE=utf8mb4_unicode_ci;
/*!40101 SET character_set_client = @saved_cs_client */;

--
-- Dumping data for table `producto`
--

LOCK TABLES `producto` WRITE;
/*!40000 ALTER TABLE `producto` DISABLE KEYS */;
INSERT INTO `producto` VALUES (8000,'ensalada burgol','Fuente de energía y aporta vitaminas, hierro, proteínas, fibra y antioxidantes. Muy bajo en grasas. Contraindicado a celíacos o intolerantes al gluten','mezclar los productos, embasar por separado de condimentos',280.000,9000),(8001,'ensalada tabule','Comida originaria del medio oriente','mezclar los productos, embasar por separado de condimentos',310.000,9000),(8002,'bruscheta','tostada con tomate y rucula','tostar 1 rodaja de pan y ponerle encima los ingredientes',20.000,9000),(8003,'juguete going merry','barco calabera funcional 30 cm de madera','cortar la madera según los moldes y unir según plano',2500.000,9001),(8004,'juguete general franky','robot de madera ensamblable','cortar la madera según moldes, unir con encastre y pintar según planos',3800.000,9001),(8005,'juguete 1000 sunny','barco bergatin goleta funcional 60cm con accesorios','cortar la madera según los moldes y unir según plano',14000.000,9001),(8006,'detergente orgánico','biodegradable hecho de productos orgánicos no contamina reservas aquiferas','calentar el aceite, agregar los ingredientes al revolver, enfriar y embasar',150.000,9002),(8007,'shampoo solido','biodegradable, a base de productos orgánicos, no contaminante, hipoalergénico','calentar aceite, mezclar ingredientes, verter en molde, dejar enfriar y embasar',200.000,9002);
/*!40000 ALTER TABLE `producto` ENABLE KEYS */;
UNLOCK TABLES;

--
-- Table structure for table `solicita`
--

DROP TABLE IF EXISTS `solicita`;
/*!40101 SET @saved_cs_client     = @@character_set_client */;
/*!50503 SET character_set_client = utf8mb4 */;
CREATE TABLE `solicita` (
  `numero_pedido` int unsigned NOT NULL,
  `codigo_producto` int unsigned NOT NULL,
  `cantidad` decimal(10,3) NOT NULL,
  `precio_unitario_acordado` decimal(10,3) NOT NULL,
  PRIMARY KEY (`numero_pedido`,`codigo_producto`),
  KEY `fk_solicita_producto_idx` (`codigo_producto`),
  CONSTRAINT `fk_solicita_pedido` FOREIGN KEY (`numero_pedido`) REFERENCES `pedido` (`numero`) ON UPDATE CASCADE,
  CONSTRAINT `fk_solicita_producto` FOREIGN KEY (`codigo_producto`) REFERENCES `producto` (`codigo`) ON DELETE RESTRICT ON UPDATE CASCADE
) ENGINE=InnoDB DEFAULT CHARSET=utf8mb4 COLLATE=utf8mb4_unicode_ci;
/*!40101 SET character_set_client = @saved_cs_client */;

--
-- Dumping data for table `solicita`
--

LOCK TABLES `solicita` WRITE;
/*!40000 ALTER TABLE `solicita` DISABLE KEYS */;
INSERT INTO `solicita` VALUES (1,8002,36.000,20.000),(1,8006,111.000,100.000),(2,8002,78.000,20.000),(2,8003,192.000,2600.000),(2,8004,331.000,4100.000),(2,8005,214.000,14100.000),(2,8007,153.000,200.000),(18,8005,190.000,14100.000),(19,8002,30.000,20.000),(19,8007,168.000,200.000),(21,8005,128.000,14700.000),(21,8007,71.000,200.000),(22,8007,50.000,200.000),(23,8005,180.000,13800.000),(23,8006,111.000,200.000),(25,8000,214.000,300.000),(25,8006,61.000,200.000),(26,8001,191.000,300.000),(26,8004,134.000,3800.000),(26,8007,53.000,200.000),(27,8002,66.000,20.000),(27,8003,66.000,2600.000),(27,8006,100.000,200.000),(28,8004,147.000,4000.000),(28,8006,20.000,100.000),(28,8007,233.000,200.000),(29,8004,60.000,4100.000),(29,8006,50.000,100.000),(29,8007,53.000,200.000),(30,8005,75.000,14400.000),(31,8004,151.000,3700.000),(32,8002,34.000,20.000),(32,8005,117.000,13800.000),(32,8006,47.000,200.000),(34,8003,192.000,2700.000),(35,8003,260.000,2700.000),(35,8004,211.000,3700.000),(37,8000,109.000,300.000),(37,8004,91.000,4000.000),(38,8000,44.000,300.000),(38,8003,141.000,2700.000),(38,8004,66.000,4100.000),(39,8003,204.000,2500.000),(40,8002,65.000,20.000),(41,8001,129.000,300.000),(43,8001,282.000,300.000),(44,8004,165.000,4000.000),(46,8003,61.000,2500.000),(46,8004,57.000,4100.000),(46,8006,50.000,200.000),(47,8000,249.000,300.000),(47,8002,21.000,20.000),(47,8005,184.000,14800.000),(47,8006,49.000,100.000),(49,8001,195.000,300.000),(49,8002,22.000,20.000),(50,8000,125.000,300.000),(50,8001,314.000,300.000),(50,8003,182.000,2700.000),(50,8005,21.000,14400.000),(50,8006,20.000,200.000),(51,8000,58.000,300.000),(51,8007,170.000,200.000),(52,8001,244.000,300.000),(52,8005,144.000,14800.000),(53,8001,101.000,300.000),(54,8000,49.000,300.000),(54,8007,334.000,200.000),(56,8006,59.000,100.000);
/*!40000 ALTER TABLE `solicita` ENABLE KEYS */;
UNLOCK TABLES;

--
-- Table structure for table `valor_hora`
--

DROP TABLE IF EXISTS `valor_hora`;
/*!40101 SET @saved_cs_client     = @@character_set_client */;
/*!50503 SET character_set_client = utf8mb4 */;
CREATE TABLE `valor_hora` (
  `fecha_desde` date NOT NULL,
  `valor` decimal(10,3) NOT NULL,
  PRIMARY KEY (`fecha_desde`)
) ENGINE=InnoDB DEFAULT CHARSET=utf8mb4 COLLATE=utf8mb4_unicode_ci;
/*!40101 SET character_set_client = @saved_cs_client */;

--
-- Dumping data for table `valor_hora`
--

LOCK TABLES `valor_hora` WRITE;
/*!40000 ALTER TABLE `valor_hora` DISABLE KEYS */;
INSERT INTO `valor_hora` VALUES ('2017-08-02',100.000),('2017-09-30',101.000),('2017-11-08',104.000),('2017-12-29',106.000),('2018-02-06',110.000),('2018-03-28',112.000),('2018-05-15',116.000),('2018-07-12',119.000),('2018-09-04',127.000),('2018-10-20',135.000),('2018-12-13',146.000),('2019-01-27',166.000),('2019-03-24',187.000),('2019-05-06',202.000),('2019-06-18',236.000),('2019-08-13',260.000),('2019-10-02',306.000),('2019-11-14',352.000),('2020-01-05',375.000),('2020-04-03',408.000),('2020-06-03',431.000),('2020-08-09',493.000),('2020-10-10',545.000),('2020-12-24',621.000),('2021-02-22',670.000),('2021-05-06',727.000),('2021-07-18',777.000),('2021-10-03',848.000),('2021-12-10',903.000),('2022-03-08',967.000),('2022-05-15',1084.000),('2022-08-05',1199.000),('2022-10-22',1303.000),('2022-12-21',1494.000),('2023-03-15',1584.000),('2023-05-17',1696.000),('2023-08-07',1797.000),('2023-10-13',2058.000),('2023-12-12',2205.000),('2024-02-11',2441.000),('2024-02-21',2601.000),('2024-05-02',2785.000);
/*!40000 ALTER TABLE `valor_hora` ENABLE KEYS */;
UNLOCK TABLES;

--
-- Table structure for table `valor_material`
--

DROP TABLE IF EXISTS `valor_material`;
/*!40101 SET @saved_cs_client     = @@character_set_client */;
/*!50503 SET character_set_client = utf8mb4 */;
CREATE TABLE `valor_material` (
  `codigo_material` int unsigned NOT NULL,
  `fecha_desde` date NOT NULL,
  `valor` decimal(10,3) NOT NULL,
  PRIMARY KEY (`codigo_material`,`fecha_desde`),
  CONSTRAINT `fk_valor_material_material` FOREIGN KEY (`codigo_material`) REFERENCES `material` (`codigo`) ON DELETE RESTRICT ON UPDATE CASCADE
) ENGINE=InnoDB DEFAULT CHARSET=utf8mb4 COLLATE=utf8mb4_unicode_ci;
/*!40101 SET character_set_client = @saved_cs_client */;

--
-- Dumping data for table `valor_material`
--

LOCK TABLES `valor_material` WRITE;
/*!40000 ALTER TABLE `valor_material` DISABLE KEYS */;
INSERT INTO `valor_material` VALUES (10000,'2021-05-19',184.000),(10000,'2021-06-04',187.000),(10000,'2021-06-24',192.000),(10000,'2021-07-08',197.000),(10000,'2021-08-01',200.000),(10000,'2021-08-15',203.000),(10000,'2021-09-09',206.000),(10000,'2021-09-23',212.000),(10000,'2021-10-04',218.000),(10000,'2021-10-30',221.000),(10000,'2021-11-22',225.000),(10000,'2021-12-02',232.000),(10000,'2021-12-21',239.000),(10000,'2022-01-03',245.000),(10000,'2022-01-31',248.000),(10000,'2022-02-18',255.000),(10000,'2022-03-01',260.000),(10000,'2022-03-23',263.000),(10000,'2022-04-20',266.000),(10000,'2022-05-06',271.000),(10000,'2022-05-27',276.000),(10000,'2022-06-21',281.000),(10000,'2022-07-03',285.000),(10000,'2022-07-16',289.000),(10001,'2021-05-30',73.000),(10001,'2021-06-16',75.000),(10001,'2021-06-29',77.000),(10001,'2021-07-20',78.000),(10001,'2021-08-01',80.000),(10001,'2021-09-02',60.000),(10001,'2021-10-01',62.000),(10001,'2021-10-25',63.000),(10001,'2021-11-09',64.000),(10001,'2021-11-30',65.000),(10001,'2021-12-28',67.000),(10001,'2022-01-19',68.000),(10001,'2022-02-15',69.000),(10001,'2022-03-06',70.000),(10001,'2022-03-23',71.000),(10001,'2022-04-11',72.000),(10001,'2022-05-08',74.000),(10001,'2022-05-21',75.000),(10001,'2022-06-17',76.000),(10001,'2022-06-27',78.000),(10001,'2022-07-09',79.000),(10001,'2022-07-21',80.000),(10001,'2022-07-31',82.000),(10001,'2022-08-16',83.000),(10001,'2022-09-12',85.000),(10002,'2021-05-12',165.000),(10002,'2021-06-08',168.000),(10002,'2021-06-29',170.000),(10002,'2021-07-24',175.000),(10002,'2021-08-10',180.000),(10002,'2021-08-27',183.000),(10002,'2021-09-11',185.000),(10002,'2021-09-25',190.000),(10002,'2021-10-13',195.000),(10002,'2021-11-05',198.000),(10002,'2021-11-30',202.000),(10002,'2021-12-29',205.000),(10002,'2022-01-22',208.000),(10002,'2022-02-10',213.000),(10002,'2022-02-21',217.000),(10002,'2022-03-15',222.000),(10002,'2022-04-11',228.000),(10002,'2022-04-28',234.000),(10002,'2022-05-26',240.000),(10002,'2022-06-17',246.000),(10002,'2022-07-14',253.000),(10002,'2022-07-26',259.000),(10002,'2022-08-19',263.000),(10002,'2022-09-15',271.000),(10003,'2021-06-19',99.000),(10003,'2021-07-11',102.000),(10003,'2021-07-28',105.000),(10003,'2021-08-16',107.000),(10003,'2021-09-07',110.000),(10003,'2021-09-28',113.000),(10003,'2021-10-17',115.000),(10003,'2021-11-07',117.000),(10003,'2021-11-25',119.000),(10003,'2021-12-14',121.000),(10003,'2022-01-09',124.000),(10003,'2022-01-28',127.000),(10003,'2022-02-14',128.000),(10003,'2022-03-04',131.000),(10003,'2022-03-19',135.000),(10003,'2022-04-02',137.000),(10003,'2022-04-26',139.000),(10003,'2022-05-24',141.000),(10003,'2022-06-06',144.000),(10003,'2022-06-21',148.000),(10003,'2022-07-07',152.000),(10003,'2022-07-25',156.000),(10003,'2022-08-20',159.000),(10003,'2022-08-30',162.000),(10004,'2021-05-20',83.000),(10004,'2021-06-03',85.000),(10004,'2021-06-19',87.000),(10004,'2021-07-06',88.000),(10004,'2021-08-03',90.000),(10004,'2021-08-18',93.000),(10004,'2021-09-12',94.000),(10004,'2021-09-29',96.000),(10004,'2021-10-13',97.000),(10004,'2021-11-11',99.000),(10004,'2021-12-08',101.000),(10004,'2021-12-28',104.000),(10004,'2022-01-25',106.000),(10004,'2022-02-19',108.000),(10004,'2022-03-12',110.000),(10004,'2022-03-27',113.000),(10004,'2022-04-15',114.000),(10004,'2022-05-12',115.000),(10004,'2022-06-01',118.000),(10004,'2022-06-12',120.000),(10004,'2022-07-07',123.000),(10004,'2022-07-22',126.000),(10004,'2022-08-08',128.000),(10004,'2022-08-29',131.000),(10005,'2021-06-26',193.000),(10005,'2021-07-19',197.000),(10005,'2021-08-10',201.000),(10005,'2021-08-30',204.000),(10005,'2021-09-09',210.000),(10005,'2021-09-11',240.000),(10005,'2021-10-08',245.000),(10005,'2021-11-02',249.000),(10005,'2021-11-13',253.000),(10005,'2021-12-02',260.000),(10005,'2021-12-22',263.000),(10005,'2022-01-19',269.000),(10005,'2022-02-07',272.000),(10005,'2022-03-04',277.000),(10005,'2022-03-19',284.000),(10005,'2022-04-05',288.000),(10005,'2022-05-03',294.000),(10005,'2022-05-26',298.000),(10005,'2022-06-15',304.000),(10005,'2022-06-27',310.000),(10005,'2022-07-07',318.000),(10005,'2022-07-30',324.000),(10005,'2022-08-28',328.000),(10005,'2022-09-07',334.000),(10005,'2022-09-23',339.000),(10006,'2021-06-20',2.000),(10006,'2021-07-01',2.000),(10006,'2021-07-11',2.000),(10006,'2021-07-21',2.000),(10006,'2021-08-16',2.000),(10006,'2021-08-29',2.000),(10006,'2021-09-22',2.000),(10006,'2021-10-13',2.000),(10006,'2021-10-31',2.000),(10006,'2021-11-25',2.000),(10006,'2021-12-08',2.000),(10006,'2022-01-03',2.000),(10006,'2022-01-23',2.000),(10006,'2022-02-16',2.000),(10006,'2022-03-09',2.000),(10006,'2022-03-29',2.000),(10006,'2022-04-09',2.000),(10006,'2022-05-08',2.000),(10006,'2022-06-03',2.000),(10006,'2022-06-28',2.000),(10006,'2022-07-17',2.000),(10006,'2022-08-13',2.000),(10006,'2022-08-27',2.000),(10006,'2022-09-08',2.000),(10007,'2021-06-03',3.000),(10007,'2021-06-27',3.000),(10007,'2021-07-11',3.000),(10007,'2021-07-25',3.000),(10007,'2021-08-23',3.000),(10007,'2021-09-18',3.000),(10007,'2021-10-16',3.000),(10007,'2021-11-03',3.000),(10007,'2021-11-14',3.000),(10007,'2021-11-28',3.000),(10007,'2021-12-12',3.000),(10007,'2022-01-05',3.000),(10007,'2022-02-03',3.000),(10007,'2022-03-01',3.000),(10007,'2022-03-14',3.000),(10007,'2022-04-04',3.000),(10007,'2022-05-02',3.000),(10007,'2022-05-31',3.000),(10007,'2022-06-22',3.000),(10007,'2022-07-12',3.000),(10007,'2022-07-23',3.000),(10007,'2022-08-19',3.000),(10007,'2022-09-17',3.000),(10007,'2022-10-01',3.000),(10008,'2021-05-31',63.000),(10008,'2021-06-16',64.000),(10008,'2021-07-05',66.000),(10008,'2021-07-27',68.000),(10008,'2021-08-13',70.000),(10008,'2021-08-28',71.000),(10008,'2021-09-09',73.000),(10008,'2021-09-24',74.000),(10008,'2021-10-04',75.000),(10008,'2021-10-31',77.000),(10008,'2021-11-28',78.000),(10008,'2021-12-15',80.000),(10008,'2022-01-13',82.000),(10008,'2022-01-30',84.000),(10008,'2022-02-26',85.000),(10008,'2022-03-08',87.000),(10008,'2022-03-29',89.000),(10008,'2022-04-16',90.000),(10008,'2022-05-12',92.000),(10008,'2022-05-25',93.000),(10008,'2022-06-10',95.000),(10008,'2022-06-30',97.000),(10008,'2022-07-18',98.000),(10008,'2022-08-06',99.000),(10009,'2021-05-08',114.000),(10009,'2021-06-04',116.000),(10009,'2021-07-02',117.000),(10009,'2021-07-22',118.000),(10009,'2021-08-17',120.000),(10009,'2021-09-13',122.000),(10009,'2021-10-12',124.000),(10009,'2021-10-26',127.000),(10009,'2021-11-11',130.000),(10009,'2021-11-23',132.000),(10009,'2021-12-11',136.000),(10009,'2021-12-26',137.000),(10009,'2022-01-11',140.000),(10009,'2022-02-05',143.000),(10009,'2022-03-06',146.000),(10009,'2022-03-23',150.000),(10009,'2022-04-06',153.000),(10009,'2022-04-30',158.000),(10009,'2022-05-20',160.000),(10009,'2022-06-14',164.000),(10009,'2022-07-08',169.000),(10009,'2022-07-24',171.000),(10009,'2022-08-12',173.000),(10009,'2022-09-08',175.000),(10012,'2021-06-09',462.000),(10012,'2021-06-24',473.000),(10012,'2021-07-10',483.000),(10012,'2021-08-02',490.000),(10012,'2021-08-18',500.000),(10012,'2021-08-30',508.000),(10012,'2021-09-14',516.000),(10012,'2021-09-27',529.000),(10012,'2021-10-09',536.000),(10012,'2021-11-06',542.000),(10012,'2021-11-30',553.000),(10012,'2021-12-21',566.000),(10012,'2022-01-01',581.000),(10012,'2022-01-17',592.000),(10012,'2022-02-03',609.000),(10012,'2022-02-14',627.000),(10012,'2022-03-08',640.000),(10012,'2022-03-20',648.000),(10012,'2022-04-11',663.000),(10012,'2022-05-05',679.000),(10012,'2022-05-24',697.000),(10012,'2022-06-22',716.000),(10012,'2022-07-17',736.000),(10012,'2022-08-15',748.000),(10012,'2022-09-05',768.000),(10012,'2022-09-19',786.000),(10013,'2021-05-05',569.000),(10013,'2021-05-20',582.000),(10013,'2021-06-16',596.000),(10013,'2021-07-14',603.000),(10013,'2021-08-07',610.000),(10013,'2021-09-03',623.000),(10013,'2021-09-25',632.000),(10013,'2021-10-09',650.000),(10013,'2021-10-22',662.000),(10013,'2021-11-14',670.000),(10013,'2021-11-26',680.000),(10013,'2021-12-22',688.000),(10013,'2022-01-18',707.000),(10013,'2022-02-06',726.000),(10013,'2022-02-25',743.000),(10013,'2022-03-17',763.000),(10013,'2022-04-13',782.000),(10013,'2022-04-29',792.000),(10013,'2022-05-15',812.000),(10013,'2022-06-01',831.000),(10013,'2022-06-21',843.000),(10013,'2022-07-09',862.000),(10013,'2022-07-20',883.000),(10013,'2022-08-12',900.000),(10013,'2022-09-02',916.000),(10013,'2022-09-22',938.000),(10014,'2021-05-24',1850.000),(10014,'2021-06-06',1869.000),(10014,'2021-06-27',1927.000),(10014,'2021-07-19',1979.000),(10014,'2021-08-03',2000.000),(10014,'2021-08-19',2058.000),(10014,'2021-09-02',2097.000),(10014,'2021-09-13',2137.000),(10014,'2021-10-08',2181.000),(10014,'2021-10-27',2205.000),(10014,'2021-11-24',2259.000),(10014,'2021-12-21',2283.000),(10014,'2022-01-15',2315.000),(10014,'2022-02-10',2363.000),(10014,'2022-03-09',2404.000),(10014,'2022-03-28',2475.000),(10014,'2022-04-26',2536.000),(10014,'2022-05-20',2577.000),(10014,'2022-06-17',2615.000),(10014,'2022-07-02',2656.000),(10014,'2022-07-24',2699.000),(10014,'2022-08-17',2767.000),(10014,'2022-09-01',2814.000),(10014,'2022-09-14',2878.000),(10014,'2022-09-25',2926.000),(10014,'2022-10-23',2986.000),(10015,'2021-06-08',4593.000),(10015,'2021-06-29',4717.000),(10015,'2021-07-13',4785.000),(10015,'2021-07-26',4884.000),(10015,'2021-08-11',5000.000),(10015,'2021-09-03',5100.000),(10015,'2021-09-23',5194.000),(10015,'2021-10-03',5333.000),(10015,'2021-10-18',5479.000),(10015,'2021-11-13',5641.000),(10015,'2021-12-11',5749.000),(10015,'2022-01-02',5916.000),(10015,'2022-01-25',6065.000),(10015,'2022-02-09',6227.000),(10015,'2022-02-22',6397.000),(10015,'2022-03-12',6493.000),(10015,'2022-04-05',6614.000),(10015,'2022-04-20',6743.000),(10015,'2022-05-08',6862.000),(10015,'2022-05-30',6983.000),(10015,'2022-06-24',7183.000),(10015,'2022-07-16',7375.000),(10015,'2022-08-11',7480.000),(10015,'2022-09-02',7583.000),(10015,'2022-09-20',7671.000),(10015,'2022-10-17',7855.000),(10016,'2021-06-10',462.000),(10016,'2021-06-26',469.000),(10016,'2021-07-12',483.000),(10016,'2021-07-22',493.000),(10016,'2021-08-05',500.000),(10016,'2021-08-25',505.000),(10016,'2021-09-13',510.000),(10016,'2021-09-24',525.000),(10016,'2021-10-13',538.000),(10016,'2021-10-31',545.000),(10016,'2021-11-19',552.000),(10016,'2021-12-17',567.000),(10016,'2022-01-11',581.000),(10016,'2022-01-27',587.000),(10016,'2022-02-21',595.000),(10016,'2022-03-21',613.000),(10016,'2022-04-19',627.000),(10016,'2022-05-10',637.000),(10016,'2022-06-02',645.000),(10016,'2022-07-01',661.000),(10016,'2022-07-17',679.000),(10016,'2022-08-02',688.000),(10016,'2022-08-22',708.000),(10016,'2022-09-02',726.000),(10016,'2022-09-14',740.000),(10016,'2022-10-12',756.000),(10017,'2021-05-14',934.000),(10017,'2021-05-28',952.000),(10017,'2021-06-24',970.000),(10017,'2021-07-15',987.000),(10017,'2021-08-01',1000.000),(10017,'2021-08-25',1018.000),(10017,'2021-09-20',1028.000),(10017,'2021-10-07',1040.000),(10017,'2021-10-23',1057.000),(10017,'2021-11-12',1070.000),(10017,'2021-11-23',1081.000),(10017,'2021-12-09',1096.000),(10017,'2021-12-20',1115.000),(10017,'2022-01-03',1147.000),(10017,'2022-01-25',1171.000),(10017,'2022-02-05',1191.000),(10017,'2022-02-18',1225.000),(10017,'2022-02-28',1240.000),(10017,'2022-03-26',1268.000),(10017,'2022-04-22',1283.000),(10017,'2022-05-09',1305.000),(10017,'2022-06-04',1333.000),(10017,'2022-06-17',1348.000),(10017,'2022-07-08',1377.000),(10017,'2022-08-03',1414.000),(10017,'2022-08-13',1439.000),(10018,'2021-05-05',999.000),(10018,'2021-05-23',1029.000),(10018,'2021-06-14',1057.000),(10018,'2021-07-13',1088.000),(10018,'2021-08-06',1100.000),(10018,'2021-09-01',1112.000),(10018,'2021-09-21',1137.000),(10018,'2021-10-05',1169.000),(10018,'2021-10-27',1184.000),(10018,'2021-11-25',1211.000),(10018,'2021-12-23',1234.000),(10018,'2022-01-19',1267.000),(10018,'2022-02-08',1291.000),(10018,'2022-02-19',1319.000),(10018,'2022-03-20',1338.000),(10018,'2022-04-11',1377.000),(10018,'2022-04-23',1414.000),(10018,'2022-05-12',1455.000),(10018,'2022-06-04',1482.000),(10018,'2022-06-29',1516.000),(10018,'2022-07-19',1551.000),(10018,'2022-08-07',1589.000),(10018,'2022-09-02',1636.000),(10018,'2022-09-14',1684.000),(10018,'2022-10-08',1706.000),(10018,'2022-11-03',1757.000),(10019,'2021-06-01',27.000),(10019,'2021-06-18',27.000),(10019,'2021-07-01',28.000),(10019,'2021-07-23',29.000),(10019,'2021-08-03',30.000),(10019,'2021-08-25',30.000),(10019,'2021-09-16',30.000),(10019,'2021-10-15',30.000),(10019,'2021-11-11',31.000),(10019,'2021-11-26',32.000),(10019,'2021-12-15',32.000),(10019,'2022-01-06',33.000),(10019,'2022-01-31',34.000),(10019,'2022-02-24',35.000),(10019,'2022-03-07',36.000),(10019,'2022-04-05',36.000),(10019,'2022-05-02',37.000),(10019,'2022-05-20',38.000),(10019,'2022-06-02',39.000),(10019,'2022-06-29',40.000),(10019,'2022-07-21',40.000),(10019,'2022-08-01',41.000),(10019,'2022-08-19',42.000),(10019,'2022-09-05',43.000),(10019,'2022-09-26',44.000),(10019,'2022-10-15',45.000),(10020,'2021-05-18',31.000),(10020,'2021-06-03',32.000),(10020,'2021-07-01',32.000),(10020,'2021-07-16',32.000),(10020,'2021-08-04',33.000),(10020,'2021-08-21',34.000),(10020,'2021-09-07',34.000),(10020,'2021-09-21',34.000),(10020,'2021-10-14',35.000),(10020,'2021-11-04',36.000),(10020,'2021-11-16',37.000),(10020,'2021-12-04',37.000),(10020,'2021-12-31',37.000),(10020,'2022-01-27',38.000),(10020,'2022-02-13',39.000),(10020,'2022-03-02',40.000),(10020,'2022-03-14',41.000),(10020,'2022-03-26',42.000),(10020,'2022-04-12',42.000),(10020,'2022-05-02',43.000),(10020,'2022-05-25',43.000),(10020,'2022-06-06',44.000),(10020,'2022-06-24',45.000),(10020,'2022-07-12',46.000),(10020,'2022-07-23',47.000),(10020,'2022-08-09',48.000),(10021,'2021-06-09',42.000),(10021,'2021-06-20',42.000),(10021,'2021-07-02',43.000),(10021,'2021-07-28',44.000),(10021,'2021-08-12',45.000),(10021,'2021-09-09',46.000),(10021,'2021-10-02',47.000),(10021,'2021-10-19',48.000),(10021,'2021-11-10',49.000),(10021,'2021-12-04',50.000),(10021,'2021-12-18',51.000),(10021,'2022-01-14',52.000),(10021,'2022-02-08',53.000),(10021,'2022-02-21',55.000),(10021,'2022-03-14',56.000),(10021,'2022-04-12',58.000),(10021,'2022-05-11',59.000),(10021,'2022-05-29',61.000),(10021,'2022-06-10',62.000),(10021,'2022-06-25',63.000),(10021,'2022-07-08',65.000),(10021,'2022-07-18',66.000),(10021,'2022-07-31',68.000),(10021,'2022-08-10',69.000),(10021,'2022-08-28',70.000),(10021,'2022-09-19',72.000),(10022,'2021-06-12',123.000),(10022,'2021-06-25',126.000),(10022,'2021-07-06',128.000),(10022,'2021-07-31',132.000),(10022,'2021-08-14',135.000),(10022,'2021-09-06',136.000),(10022,'2021-10-02',140.000),(10022,'2021-10-22',144.000),(10022,'2021-11-04',146.000),(10022,'2021-12-03',150.000),(10022,'2021-12-28',153.000),(10022,'2022-01-22',158.000),(10022,'2022-02-10',162.000),(10022,'2022-02-28',164.000),(10022,'2022-03-28',167.000),(10022,'2022-04-24',170.000),(10022,'2022-05-21',173.000),(10022,'2022-06-17',178.000),(10022,'2022-07-09',181.000),(10022,'2022-07-20',186.000),(10022,'2022-07-30',188.000),(10022,'2022-08-10',191.000),(10022,'2022-09-08',193.000),(10022,'2022-10-04',197.000),(10022,'2022-10-17',201.000),(10022,'2022-11-13',205.000);
/*!40000 ALTER TABLE `valor_material` ENABLE KEYS */;
UNLOCK TABLES;
/*!40103 SET TIME_ZONE=@OLD_TIME_ZONE */;

/*!40101 SET SQL_MODE=@OLD_SQL_MODE */;
/*!40014 SET FOREIGN_KEY_CHECKS=@OLD_FOREIGN_KEY_CHECKS */;
/*!40014 SET UNIQUE_CHECKS=@OLD_UNIQUE_CHECKS */;
/*!40101 SET CHARACTER_SET_CLIENT=@OLD_CHARACTER_SET_CLIENT */;
/*!40101 SET CHARACTER_SET_RESULTS=@OLD_CHARACTER_SET_RESULTS */;
/*!40101 SET COLLATION_CONNECTION=@OLD_COLLATION_CONNECTION */;
/*!40111 SET SQL_NOTES=@OLD_SQL_NOTES */;

-- Dump completed on 2022-07-03 23:37:06
